#,Success,Message
2017-03-29T03:58:08.728753,0,Start
2017-03-29T03:58:56.112869,0,Start
2017-03-29T03:59:20.735196,0,Start
2017-03-29T03:59:43.376513,0,Start
2017-03-29T04:00:33.816399,0,Start
2017-03-29T04:00:42.638752,-1,3698
2017-03-29T04:00:59.048657,0,Start
2017-03-29T04:02:38.185182,0,Start
2017-03-29T04:06:07.699065,0,Start
2017-03-29T04:06:55.284694,0,Start
2017-03-29T04:07:24.641786,0,Start
2017-03-29T04:07:52.049064,0,Start
2017-03-29T04:10:01.141166,0,Start
2017-03-29T04:10:36.501166,-1,3655
